{
  "IcoMoonType": "selection",
  "icons": [
    {
      "icon": {
        "paths": [
          "M800 416v-128c0-159.072-128.928-288-288-288s-288 128.928-288 288v128c-53.024 0-96 42.976-96 96v224c0 159.072 128.928 288 288 288h192c159.072 0 288-128.928 288-288v-224c0-53.056-43.008-96-96-96zM288 288c0-123.712 100.288-224 224-224s224 100.288 224 224v128h-64v-127.936c0-88.384-71.616-160-160-160s-160 71.616-160 160v127.936h-64v-128zM640 288v128h-256v-128c0-70.688 57.312-128 128-128s128 57.312 128 128zM832 608v128c0 123.488-100.512 224-224 224h-192c-123.488 0-224-100.512-224-224v-224c0-17.664 14.336-32 32-32 21.344 0 42.656 0 64 0h448c21.312 0 42.624 0 64 0 17.632 0 32 14.336 32 32v96zM512 608c35.328 0 64 28.64 64 64 0 19.488-10.496 56.576-21.312 85.824-8.736 23.616-17.664 42.112-42.688 42.112-23.008 0-33.952-18.688-42.656-42.432-10.688-29.184-21.344-66.080-21.344-85.504 0-35.36 28.672-64 64-64z"
        ],
        "attrs": [
          {}
        ],
        "isMulticolor": false,
        "isMulticolor2": false,
        "tags": [
          "lock",
          "security",
          "private",
          "encryption"
        ],
        "grid": 32
      },
      "attrs": [
        {}
      ],
      "properties": {
        "order": 79,
        "id": 0,
        "name": "lock, security, private, encryption",
        "prevSize": 32
      },
      "setIdx": 0,
      "setId": 10,
      "iconIdx": 0
    }
  ],
  "height": 1024,
  "preferences": {
    "showGlyphs": true,
    "showQuickUse": true,
    "showQuickUse2": true,
    "showSVGs": true,
    "fontPref": {
      "prefix": "icon-",
      "metadata": {
        "fontFamily": "icomoon",
        "majorVersion": 1,
        "minorVersion": 0
      },
      "metrics": {
        "emSize": 1024,
        "baseline": 6.25,
        "whitespace": 50
      },
      "embed": false
    },
    "imagePref": {
      "prefix": "icon-",
      "png": true,
      "useClassSelector": true,
      "color": 0,
      "bgColor": 16777215,
      "classSelector": ".icon",
      "name": "icomoon"
    },
    "historySize": 50,
    "showCodes": true,
    "gridSize": 16,
    "showLiga": false
  }
}